PRICE,HIGHWAY_MPG,CITY_MPG,PEAK_RPM,HORSEPOWER,COMPRESSION_RATIO,STROKE,BORE,FUEL_SYSTEM,ENGINE_SIZE,NUM_OF_CYLINDERS,ENGINE_TYPE,CURB_WEIGHT,HEIGHT,WIDTH,LENGTH,WHEEL_BASE,ENGINE_LOCATION,DRIVE_WHEELS,BODY_STYLE,NUM_OF_DOORS,ASPIRATION,FUEL_TYPE,MAKE,NORMALIZED_LOSSES,SYMBOLING,AVG_MPG,POWER_TO_WEIGHT
13495.0,27,21,5000.0,111.0,9.0,2.68,3.47,MPFI,130,4,DOHC,2548,48.8,64.1,168.8,88.6,FRONT,RWD,CONVERTIBLE,2.0,STD,GAS,ALFA-ROMERO,122.0,3,24.0,0.04356357927786499
16500.0,27,21,5000.0,111.0,9.0,2.68,3.47,MPFI,130,4,DOHC,2548,48.8,64.1,168.8,88.6,FRONT,RWD,CONVERTIBLE,2.0,STD,GAS,ALFA-ROMERO,122.0,3,24.0,0.04356357927786499
16500.0,26,19,5000.0,154.0,9.0,3.47,2.68,MPFI,152,6,OHCV,2823,52.4,65.5,171.2,94.5,FRONT,RWD,HATCHBACK,2.0,STD,GAS,ALFA-ROMERO,122.0,1,22.5,0.05455189514700673
13950.0,30,24,5500.0,102.0,10.0,3.4,3.19,MPFI,109,4,OHC,2337,54.3,66.2,176.6,99.8,FRONT,FWD,SEDAN,4.0,STD,GAS,AUDI,164.0,2,27.0,0.043645699614890884
17450.0,22,18,5500.0,115.0,8.0,3.4,3.19,MPFI,136,5,OHC,2824,54.3,66.4,176.6,99.4,FRONT,4WD,SEDAN,4.0,STD,GAS,AUDI,164.0,2,20.0,0.04072237960339943
15250.0,25,19,5500.0,110.0,8.5,3.4,3.19,MPFI,136,5,OHC,2507,53.1,66.3,177.3,99.8,FRONT,FWD,SEDAN,2.0,STD,GAS,AUDI,122.0,2,22.0,0.043877143996808934
17710.0,25,19,5500.0,110.0,8.5,3.4,3.19,MPFI,136,5,OHC,2844,55.7,71.4,192.7,105.8,FRONT,FWD,SEDAN,4.0,STD,GAS,AUDI,158.0,1,22.0,0.03867791842475387
18920.0,25,19,5500.0,110.0,8.5,3.4,3.19,MPFI,136,5,OHC,2954,55.7,71.4,192.7,105.8,FRONT,FWD,WAGON,4.0,STD,GAS,AUDI,122.0,1,22.0,0.037237643872714964
23875.0,20,17,5500.0,140.0,8.3,3.4,3.13,MPFI,131,5,OHC,3086,55.9,71.4,192.7,105.8,FRONT,FWD,SEDAN,4.0,TURBO,GAS,AUDI,158.0,1,18.5,0.04536616979909268
16430.0,29,23,5800.0,101.0,8.8,2.8,3.5,MPFI,108,4,OHC,2395,54.3,64.8,176.8,101.2,FRONT,RWD,SEDAN,2.0,STD,GAS,BMW,192.0,2,26.0,0.042171189979123176
16925.0,29,23,5800.0,101.0,8.8,2.8,3.5,MPFI,108,4,OHC,2395,54.3,64.8,176.8,101.2,FRONT,RWD,SEDAN,4.0,STD,GAS,BMW,192.0,0,26.0,0.042171189979123176
20970.0,28,21,4250.0,121.0,9.0,3.19,3.31,MPFI,164,6,OHC,2710,54.3,64.8,176.8,101.2,FRONT,RWD,SEDAN,2.0,STD,GAS,BMW,188.0,0,24.5,0.044649446494464944
21105.0,28,21,4250.0,121.0,9.0,3.19,3.31,MPFI,164,6,OHC,2765,54.3,64.8,176.8,101.2,FRONT,RWD,SEDAN,4.0,STD,GAS,BMW,188.0,0,24.5,0.04376130198915009
24565.0,25,20,4250.0,121.0,9.0,3.19,3.31,MPFI,164,6,OHC,3055,55.7,66.9,189.0,103.5,FRONT,RWD,SEDAN,4.0,STD,GAS,BMW,122.0,1,22.5,0.03960720130932897
30760.0,22,16,5400.0,182.0,8.0,3.39,3.62,MPFI,209,6,OHC,3230,55.7,66.9,189.0,103.5,FRONT,RWD,SEDAN,4.0,STD,GAS,BMW,122.0,0,19.0,0.056346749226006194
41315.0,22,16,5400.0,182.0,8.0,3.39,3.62,MPFI,209,6,OHC,3380,53.7,67.9,193.8,103.5,FRONT,RWD,SEDAN,2.0,STD,GAS,BMW,122.0,0,19.0,0.05384615384615385
36880.0,20,15,5400.0,182.0,8.0,3.39,3.62,MPFI,209,6,OHC,3505,56.3,70.9,197.0,110.0,FRONT,RWD,SEDAN,4.0,STD,GAS,BMW,122.0,0,17.5,0.051925820256776035
5151.0,53,47,5100.0,48.0,9.5,3.03,2.91,2BBL,61,3,L,1488,53.2,60.3,141.1,88.4,FRONT,FWD,HATCHBACK,2.0,STD,GAS,CHEVROLET,121.0,2,50.0,0.03225806451612903
6295.0,43,38,5400.0,70.0,9.6,3.11,3.03,2BBL,90,4,OHC,1874,52.0,63.6,155.9,94.5,FRONT,FWD,HATCHBACK,2.0,STD,GAS,CHEVROLET,98.0,1,40.5,0.03735325506937033
6575.0,43,38,5400.0,70.0,9.6,3.11,3.03,2BBL,90,4,OHC,1909,52.0,63.6,158.8,94.5,FRONT,FWD,SEDAN,4.0,STD,GAS,CHEVROLET,81.0,0,40.5,0.03666841278156103
5572.0,41,37,5500.0,68.0,9.41,3.23,2.97,2BBL,90,4,OHC,1876,50.8,63.8,157.3,93.7,FRONT,FWD,HATCHBACK,2.0,STD,GAS,DODGE,118.0,1,39.0,0.03624733475479744
6377.0,38,31,5500.0,68.0,9.4,3.23,2.97,2BBL,90,4,OHC,1876,50.8,63.8,157.3,93.7,FRONT,FWD,HATCHBACK,2.0,STD,GAS,DODGE,118.0,1,34.5,0.03624733475479744
7957.0,30,24,5500.0,102.0,7.6,3.39,3.03,MPFI,98,4,OHC,2128,50.8,63.8,157.3,93.7,FRONT,FWD,HATCHBACK,2.0,TURBO,GAS,DODGE,118.0,1,27.0,0.047932330827067667
6229.0,38,31,5500.0,68.0,9.4,3.23,2.97,2BBL,90,4,OHC,1967,50.6,63.8,157.3,93.7,FRONT,FWD,HATCHBACK,4.0,STD,GAS,DODGE,148.0,1,34.5,0.03457041179461108
6692.0,38,31,5500.0,68.0,9.4,3.23,2.97,2BBL,90,4,OHC,1989,50.6,63.8,157.3,93.7,FRONT,FWD,SEDAN,4.0,STD,GAS,DODGE,148.0,1,34.5,0.03418803418803419
7609.0,38,31,5500.0,68.0,9.4,3.23,2.97,2BBL,90,4,OHC,1989,50.6,63.8,157.3,93.7,FRONT,FWD,SEDAN,4.0,STD,GAS,DODGE,148.0,1,34.5,0.03418803418803419
8558.0,30,24,5500.0,102.0,7.6,3.39,3.03,MPFI,98,4,OHC,2191,50.6,63.8,157.3,93.7,FRONT,FWD,SEDAN,4.0,TURBO,GAS,DODGE,148.0,1,27.0,0.04655408489274304
8921.0,30,24,5000.0,88.0,8.5,3.46,3.34,2BBL,122,4,OHC,2535,59.8,64.6,174.6,103.3,FRONT,FWD,WAGON,4.0,STD,GAS,DODGE,110.0,-1,27.0,0.03471400394477318
12964.0,24,19,5000.0,145.0,7.0,3.9,3.6,MFI,156,4,OHC,2811,50.2,66.3,173.2,95.9,FRONT,FWD,HATCHBACK,2.0,TURBO,GAS,DODGE,145.0,3,21.5,0.05158306652436855
6479.0,54,49,4800.0,58.0,9.6,3.41,2.91,1BBL,92,4,OHC,1713,50.8,63.9,144.6,86.6,FRONT,FWD,HATCHBACK,2.0,STD,GAS,HONDA,137.0,2,51.5,0.033858727378867484
6855.0,38,31,6000.0,76.0,9.2,3.41,2.91,1BBL,92,4,OHC,1819,50.8,63.9,144.6,86.6,FRONT,FWD,HATCHBACK,2.0,STD,GAS,HONDA,137.0,2,34.5,0.04178119846069269
5399.0,42,38,5500.0,60.0,10.1,3.07,2.91,1BBL,79,4,OHC,1837,52.6,64.0,150.0,93.7,FRONT,FWD,HATCHBACK,2.0,STD,GAS,HONDA,101.0,1,40.0,0.0326619488296135
6529.0,34,30,6000.0,76.0,9.2,3.41,2.91,1BBL,92,4,OHC,1940,52.6,64.0,150.0,93.7,FRONT,FWD,HATCHBACK,2.0,STD,GAS,HONDA,101.0,1,32.0,0.03917525773195876
7129.0,34,30,6000.0,76.0,9.2,3.41,2.91,1BBL,92,4,OHC,1956,52.6,64.0,150.0,93.7,FRONT,FWD,HATCHBACK,2.0,STD,GAS,HONDA,101.0,1,32.0,0.03885480572597137
7295.0,34,30,6000.0,76.0,9.2,3.41,2.91,1BBL,92,4,OHC,2010,54.5,64.0,163.4,96.5,FRONT,FWD,SEDAN,4.0,STD,GAS,HONDA,110.0,0,32.0,0.03781094527363184
7295.0,34,30,6000.0,76.0,9.2,3.41,2.92,1BBL,92,4,OHC,2024,58.3,63.9,157.1,96.5,FRONT,FWD,WAGON,4.0,STD,GAS,HONDA,78.0,0,32.0,0.037549407114624504
7895.0,33,27,5800.0,86.0,9.0,3.58,3.15,1BBL,110,4,OHC,2236,53.3,65.2,167.5,96.5,FRONT,FWD,HATCHBACK,2.0,STD,GAS,HONDA,106.0,0,30.0,0.038461538461538464
9095.0,33,27,5800.0,86.0,9.0,3.58,3.15,1BBL,110,4,OHC,2289,53.3,65.2,167.5,96.5,FRONT,FWD,HATCHBACK,2.0,STD,GAS,HONDA,106.0,0,30.0,0.037570991699432066
8845.0,33,27,5800.0,86.0,9.0,3.58,3.15,1BBL,110,4,OHC,2304,54.1,65.2,175.4,96.5,FRONT,FWD,SEDAN,4.0,STD,GAS,HONDA,85.0,0,30.0,0.03732638888888889
10295.0,33,27,5800.0,86.0,9.0,3.58,3.15,1BBL,110,4,OHC,2372,54.1,62.5,175.4,96.5,FRONT,FWD,SEDAN,4.0,STD,GAS,HONDA,85.0,0,30.0,0.03625632377740304
12945.0,28,24,5800.0,101.0,9.0,3.58,3.15,MPFI,110,4,OHC,2465,54.1,65.2,175.4,96.5,FRONT,FWD,SEDAN,4.0,STD,GAS,HONDA,85.0,0,26.0,0.040973630831643
10345.0,31,25,5500.0,100.0,9.1,3.58,3.15,2BBL,110,4,OHC,2293,51.0,66.0,169.1,96.5,FRONT,FWD,SEDAN,2.0,STD,GAS,HONDA,107.0,1,28.0,0.043610989969472304
6785.0,29,24,4800.0,78.0,8.5,3.23,3.31,2BBL,111,4,OHC,2337,53.5,61.8,170.7,94.3,FRONT,RWD,SEDAN,4.0,STD,GAS,ISUZU,122.0,0,26.5,0.03337612323491656
11048.0,29,24,5000.0,90.0,9.2,3.23,3.43,SPFI,119,4,OHC,2734,51.4,65.2,172.6,96.0,FRONT,RWD,HATCHBACK,2.0,STD,GAS,ISUZU,122.0,2,26.5,0.03291880029261156
32250.0,19,15,4750.0,176.0,8.1,4.17,3.63,MPFI,258,6,DOHC,4066,52.8,69.6,199.6,113.0,FRONT,RWD,SEDAN,4.0,STD,GAS,JAGUAR,145.0,0,17.0,0.04328578455484506
35550.0,19,15,4750.0,176.0,8.1,4.17,3.63,MPFI,258,6,DOHC,4066,52.8,69.6,199.6,113.0,FRONT,RWD,SEDAN,4.0,STD,GAS,JAGUAR,122.0,0,17.0,0.04328578455484506
36000.0,17,13,5000.0,262.0,11.5,2.76,3.54,MPFI,326,12,OHCV,3950,47.8,70.6,191.7,102.0,FRONT,RWD,SEDAN,2.0,STD,GAS,JAGUAR,122.0,0,15.0,0.06632911392405064
5195.0,31,30,5000.0,68.0,9.0,3.15,3.03,2BBL,91,4,OHC,1890,54.1,64.2,159.1,93.1,FRONT,FWD,HATCHBACK,2.0,STD,GAS,MAZDA,104.0,1,30.5,0.03597883597883598
6095.0,38,31,5000.0,68.0,9.0,3.15,3.03,2BBL,91,4,OHC,1900,54.1,64.2,159.1,93.1,FRONT,FWD,HATCHBACK,2.0,STD,GAS,MAZDA,104.0,1,34.5,0.035789473684210524
6795.0,38,31,5000.0,68.0,9.0,3.15,3.03,2BBL,91,4,OHC,1905,54.1,64.2,159.1,93.1,FRONT,FWD,HATCHBACK,2.0,STD,GAS,MAZDA,104.0,1,34.5,0.03569553805774278
6695.0,38,31,5000.0,68.0,9.0,3.15,3.03,2BBL,91,4,OHC,1945,54.1,64.2,166.8,93.1,FRONT,FWD,SEDAN,4.0,STD,GAS,MAZDA,113.0,1,34.5,0.03496143958868895
7395.0,38,31,5000.0,68.0,9.0,3.15,3.08,2BBL,91,4,OHC,1950,54.1,64.2,166.8,93.1,FRONT,FWD,SEDAN,4.0,STD,GAS,MAZDA,113.0,1,34.5,0.03487179487179487
10945.0,23,17,6000.0,101.0,9.4,3.256903553299492,3.330710659898477,4BBL,70,2,ROTOR,2380,49.6,65.7,169.0,95.3,FRONT,RWD,HATCHBACK,2.0,STD,GAS,MAZDA,150.0,3,20.0,0.04243697478991597
11845.0,23,17,6000.0,101.0,9.4,3.256903553299492,3.330710659898477,4BBL,70,2,ROTOR,2380,49.6,65.7,169.0,95.3,FRONT,RWD,HATCHBACK,2.0,STD,GAS,MAZDA,150.0,3,20.0,0.04243697478991597
13645.0,23,17,6000.0,101.0,9.4,3.256903553299492,3.330710659898477,4BBL,70,2,ROTOR,2385,49.6,65.7,169.0,95.3,FRONT,RWD,HATCHBACK,2.0,STD,GAS,MAZDA,150.0,3,20.0,0.042348008385744235
15645.0,23,16,6000.0,135.0,9.4,3.256903553299492,3.330710659898477,MPFI,80,2,ROTOR,2500,49.6,65.7,169.0,95.3,FRONT,RWD,HATCHBACK,2.0,STD,GAS,MAZDA,150.0,3,19.5,0.054
8845.0,32,26,4800.0,84.0,8.6,3.39,3.39,2BBL,122,4,OHC,2385,53.7,66.5,177.8,98.8,FRONT,FWD,HATCHBACK,2.0,STD,GAS,MAZDA,129.0,1,29.0,0.03522012578616352
8495.0,32,26,4800.0,84.0,8.6,3.39,3.39,2BBL,122,4,OHC,2410,55.5,66.5,177.8,98.8,FRONT,FWD,SEDAN,4.0,STD,GAS,MAZDA,115.0,0,29.0,0.034854771784232366
10595.0,32,26,4800.0,84.0,8.6,3.39,3.39,2BBL,122,4,OHC,2385,53.7,66.5,177.8,98.8,FRONT,FWD,HATCHBACK,2.0,STD,GAS,MAZDA,129.0,1,29.0,0.03522012578616352
10245.0,32,26,4800.0,84.0,8.6,3.39,3.39,2BBL,122,4,OHC,2410,55.5,66.5,177.8,98.8,FRONT,FWD,SEDAN,4.0,STD,GAS,MAZDA,115.0,0,29.0,0.034854771784232366
10795.0,42,36,4650.0,64.0,22.7,3.39,3.39,IDI,122,4,OHC,2443,55.5,66.5,177.8,98.8,FRONT,FWD,SEDAN,4.0,STD,DIESEL,MAZDA,122.0,0,39.0,0.026197298403602128
11245.0,32,26,4800.0,84.0,8.6,3.39,3.39,2BBL,122,4,OHC,2425,55.5,66.5,177.8,98.8,FRONT,FWD,HATCHBACK,4.0,STD,GAS,MAZDA,115.0,0,29.0,0.03463917525773196
18280.0,27,19,5000.0,120.0,8.0,3.16,3.76,MPFI,140,4,OHC,2670,54.4,66.1,175.0,104.9,FRONT,RWD,SEDAN,4.0,STD,GAS,MAZDA,118.0,0,23.0,0.0449438202247191
18344.0,39,31,4200.0,72.0,22.0,3.64,3.43,IDI,134,4,OHC,2700,54.4,66.1,175.0,104.9,FRONT,RWD,SEDAN,4.0,STD,DIESEL,MAZDA,122.0,0,35.0,0.02666666666666667
25552.0,25,22,4350.0,123.0,21.5,3.64,3.58,IDI,183,5,OHC,3515,56.5,70.3,190.9,110.0,FRONT,RWD,SEDAN,4.0,TURBO,DIESEL,MERCEDES-BENZ,93.0,-1,23.5,0.03499288762446657
28248.0,25,22,4350.0,123.0,21.5,3.64,3.58,IDI,183,5,OHC,3750,58.7,70.3,190.9,110.0,FRONT,RWD,WAGON,4.0,TURBO,DIESEL,MERCEDES-BENZ,93.0,-1,23.5,0.0328
28176.0,25,22,4350.0,123.0,21.5,3.64,3.58,IDI,183,5,OHC,3495,54.9,70.3,187.5,106.7,FRONT,RWD,HARDTOP,2.0,TURBO,DIESEL,MERCEDES-BENZ,93.0,0,23.5,0.0351931330472103
31600.0,25,22,4350.0,123.0,21.5,3.64,3.58,IDI,183,5,OHC,3770,56.3,71.7,202.6,115.6,FRONT,RWD,SEDAN,4.0,TURBO,DIESEL,MERCEDES-BENZ,93.0,-1,23.5,0.03262599469496021
34184.0,18,16,4750.0,155.0,8.3,3.1,3.46,MPFI,234,8,OHCV,3740,56.5,71.7,202.6,115.6,FRONT,RWD,SEDAN,4.0,STD,GAS,MERCEDES-BENZ,122.0,-1,17.0,0.04144385026737968
35056.0,18,16,4750.0,155.0,8.3,3.1,3.46,MPFI,234,8,OHCV,3685,50.8,70.5,180.3,96.6,FRONT,RWD,CONVERTIBLE,2.0,STD,GAS,MERCEDES-BENZ,142.0,3,17.0,0.04206241519674356
40960.0,16,14,4500.0,184.0,8.0,3.35,3.8,MPFI,308,8,OHCV,3900,56.7,71.7,208.1,120.9,FRONT,RWD,SEDAN,4.0,STD,GAS,MERCEDES-BENZ,122.0,0,15.0,0.04717948717948718
45400.0,16,14,4500.0,184.0,8.0,3.35,3.8,MPFI,304,8,OHCV,3715,55.4,72.0,199.2,112.0,FRONT,RWD,HARDTOP,2.0,STD,GAS,MERCEDES-BENZ,122.0,1,15.0,0.04952893674293405
16503.0,24,19,5000.0,175.0,8.0,3.12,3.78,MPFI,140,4,OHC,2910,54.8,68.0,178.4,102.7,FRONT,RWD,HATCHBACK,2.0,TURBO,GAS,MERCURY,122.0,1,21.5,0.06013745704467354
5389.0,41,37,5500.0,68.0,9.4,3.23,2.97,2BBL,92,4,OHC,1918,50.8,64.4,157.3,93.7,FRONT,FWD,HATCHBACK,2.0,STD,GAS,MITSUBISHI,161.0,2,39.0,0.035453597497393116
6189.0,38,31,5500.0,68.0,9.4,3.23,2.97,2BBL,92,4,OHC,1944,50.8,64.4,157.3,93.7,FRONT,FWD,HATCHBACK,2.0,STD,GAS,MITSUBISHI,161.0,2,34.5,0.03497942386831276
6669.0,38,31,5500.0,68.0,9.4,3.23,2.97,2BBL,92,4,OHC,2004,50.8,64.4,157.3,93.7,FRONT,FWD,HATCHBACK,2.0,STD,GAS,MITSUBISHI,161.0,2,34.5,0.033932135728542916
7689.0,30,24,5500.0,102.0,7.6,3.39,3.03,SPDI,98,4,OHC,2145,50.8,63.8,157.3,93.0,FRONT,FWD,HATCHBACK,2.0,TURBO,GAS,MITSUBISHI,161.0,1,27.0,0.04755244755244755
9959.0,30,23,5500.0,116.0,7.5,3.46,3.17,SPDI,110,4,OHC,2370,49.4,65.4,173.0,96.3,FRONT,FWD,HATCHBACK,2.0,TURBO,GAS,MITSUBISHI,153.0,3,26.5,0.048945147679324896
8499.0,32,25,5000.0,88.0,8.5,3.46,3.35,2BBL,122,4,OHC,2328,49.4,65.4,173.0,96.3,FRONT,FWD,HATCHBACK,2.0,STD,GAS,MITSUBISHI,153.0,3,28.5,0.037800687285223365
12629.0,24,19,5000.0,145.0,7.0,3.86,3.58,SPDI,156,4,OHC,2833,50.2,66.3,173.2,95.9,FRONT,FWD,HATCHBACK,2.0,TURBO,GAS,MITSUBISHI,122.0,3,21.5,0.05118249205788916
14869.0,24,19,5000.0,145.0,7.0,3.86,3.59,SPDI,156,4,OHC,2921,50.2,66.3,173.2,95.9,FRONT,FWD,HATCHBACK,2.0,TURBO,GAS,MITSUBISHI,122.0,3,21.5,0.04964053406367682
14489.0,24,19,5000.0,145.0,7.0,3.86,3.59,SPDI,156,4,OHC,2926,50.2,66.3,173.2,95.9,FRONT,FWD,HATCHBACK,2.0,TURBO,GAS,MITSUBISHI,122.0,3,21.5,0.04955570745044429
6989.0,32,25,5000.0,88.0,8.5,3.46,3.35,2BBL,122,4,OHC,2365,51.6,65.4,172.4,96.3,FRONT,FWD,SEDAN,4.0,STD,GAS,MITSUBISHI,125.0,1,28.5,0.037209302325581395
8189.0,32,25,5000.0,88.0,8.5,3.46,3.35,2BBL,122,4,OHC,2405,51.6,65.4,172.4,96.3,FRONT,FWD,SEDAN,4.0,STD,GAS,MITSUBISHI,125.0,1,28.5,0.03659043659043659
9279.0,30,23,5500.0,116.0,7.5,3.46,3.17,SPDI,110,4,OHC,2403,51.6,65.4,172.4,96.3,FRONT,FWD,SEDAN,4.0,TURBO,GAS,MITSUBISHI,125.0,1,26.5,0.04827299209321681
9279.0,30,23,5500.0,116.0,7.5,3.46,3.17,SPDI,110,4,OHC,2403,51.6,65.4,172.4,96.3,FRONT,FWD,SEDAN,4.0,STD,GAS,MITSUBISHI,137.0,-1,26.5,0.04827299209321681
5499.0,37,31,5200.0,69.0,9.4,3.29,3.15,2BBL,97,4,OHC,1889,54.5,63.8,165.3,94.5,FRONT,FWD,SEDAN,2.0,STD,GAS,NISSAN,128.0,1,34.0,0.036527263102170464
7099.0,50,45,4800.0,55.0,21.9,3.47,2.99,IDI,103,4,OHC,2017,54.5,63.8,165.3,94.5,FRONT,FWD,SEDAN,2.0,STD,DIESEL,NISSAN,128.0,1,47.5,0.027268220128904314
6649.0,37,31,5200.0,69.0,9.4,3.29,3.15,2BBL,97,4,OHC,1918,54.5,63.8,165.3,94.5,FRONT,FWD,SEDAN,2.0,STD,GAS,NISSAN,128.0,1,34.0,0.03597497393117831
6849.0,37,31,5200.0,69.0,9.4,3.29,3.15,2BBL,97,4,OHC,1938,54.5,63.8,165.3,94.5,FRONT,FWD,SEDAN,4.0,STD,GAS,NISSAN,122.0,1,34.0,0.03560371517027864
7349.0,37,31,5200.0,69.0,9.4,3.29,3.15,2BBL,97,4,OHC,2024,53.5,63.8,170.2,94.5,FRONT,FWD,WAGON,4.0,STD,GAS,NISSAN,103.0,1,34.0,0.03409090909090909
7299.0,37,31,5200.0,69.0,9.4,3.29,3.15,2BBL,97,4,OHC,1951,54.5,63.8,165.3,94.5,FRONT,FWD,SEDAN,2.0,STD,GAS,NISSAN,128.0,1,34.0,0.035366478728856995
7799.0,37,31,5200.0,69.0,9.4,3.29,3.15,2BBL,97,4,OHC,2028,53.3,63.8,165.6,94.5,FRONT,FWD,HATCHBACK,2.0,STD,GAS,NISSAN,128.0,1,34.0,0.034023668639053255
7499.0,37,31,5200.0,69.0,9.4,3.29,3.15,2BBL,97,4,OHC,1971,54.5,63.8,165.3,94.5,FRONT,FWD,SEDAN,4.0,STD,GAS,NISSAN,122.0,1,34.0,0.0350076103500761
7999.0,37,31,5200.0,69.0,9.4,3.29,3.15,2BBL,97,4,OHC,2037,53.5,63.8,170.2,94.5,FRONT,FWD,WAGON,4.0,STD,GAS,NISSAN,103.0,1,34.0,0.033873343151693665
8249.0,37,31,5200.0,69.0,9.4,3.29,3.15,2BBL,97,4,OHC,2008,53.3,63.8,162.4,95.1,FRONT,FWD,HARDTOP,2.0,STD,GAS,NISSAN,168.0,2,34.0,0.03436254980079681
8949.0,34,27,5200.0,97.0,8.5,3.47,3.33,2BBL,120,4,OHC,2324,54.7,65.2,173.4,97.2,FRONT,FWD,HATCHBACK,4.0,STD,GAS,NISSAN,106.0,0,30.5,0.04173838209982788
9549.0,34,27,5200.0,97.0,8.5,3.47,3.33,2BBL,120,4,OHC,2302,54.7,65.2,173.4,97.2,FRONT,FWD,SEDAN,4.0,STD,GAS,NISSAN,106.0,0,30.5,0.0421372719374457
13499.0,22,17,5200.0,152.0,9.0,3.27,3.43,MPFI,181,6,OHCV,3095,55.1,66.5,181.7,100.4,FRONT,FWD,SEDAN,4.0,STD,GAS,NISSAN,128.0,0,19.5,0.04911147011308562
14399.0,22,17,5200.0,152.0,9.0,3.27,3.43,MPFI,181,6,OHCV,3296,56.1,66.5,184.6,100.4,FRONT,FWD,WAGON,4.0,STD,GAS,NISSAN,108.0,0,19.5,0.04611650485436893
13499.0,25,19,5200.0,152.0,9.0,3.27,3.43,MPFI,181,6,OHCV,3060,55.1,66.5,184.6,100.4,FRONT,FWD,SEDAN,4.0,STD,GAS,NISSAN,108.0,0,22.0,0.04967320261437908
17199.0,25,19,5200.0,160.0,9.0,3.27,3.43,MPFI,181,6,OHCV,3071,49.7,67.9,170.7,91.3,FRONT,RWD,HATCHBACK,2.0,STD,GAS,NISSAN,194.0,3,22.0,0.052100293064148484
19699.0,23,17,5200.0,200.0,7.8,3.27,3.43,MPFI,181,6,OHCV,3139,49.7,67.9,170.7,91.3,FRONT,RWD,HATCHBACK,2.0,TURBO,GAS,NISSAN,194.0,3,20.0,0.06371455877668047
18399.0,25,19,5200.0,160.0,9.0,3.27,3.43,MPFI,181,6,OHCV,3139,49.7,67.9,178.5,99.2,FRONT,RWD,HATCHBACK,2.0,STD,GAS,NISSAN,231.0,1,22.0,0.05097164702134438
11900.0,24,19,5000.0,97.0,8.4,3.19,3.46,MPFI,120,4,L,3020,56.7,68.4,186.7,107.9,FRONT,RWD,SEDAN,4.0,STD,GAS,PEUGOT,161.0,0,21.5,0.032119205298013244
13200.0,33,28,4150.0,95.0,21.0,3.52,3.7,IDI,152,4,L,3197,56.7,68.4,186.7,107.9,FRONT,RWD,SEDAN,4.0,TURBO,DIESEL,PEUGOT,161.0,0,30.5,0.029715358148264
12440.0,24,19,5000.0,97.0,8.4,3.19,3.46,MPFI,120,4,L,3230,58.7,68.4,198.9,114.2,FRONT,RWD,WAGON,4.0,STD,GAS,PEUGOT,122.0,0,21.5,0.030030959752321982
13860.0,25,25,4150.0,95.0,21.0,3.52,3.7,IDI,152,4,L,3430,58.7,68.4,198.9,114.2,FRONT,RWD,WAGON,4.0,TURBO,DIESEL,PEUGOT,122.0,0,25.0,0.027696793002915453
15580.0,24,19,5000.0,95.0,8.4,2.19,3.46,MPFI,120,4,L,3075,56.7,68.4,186.7,107.9,FRONT,RWD,SEDAN,4.0,STD,GAS,PEUGOT,161.0,0,21.5,0.030894308943089432
16900.0,33,28,4150.0,95.0,21.0,3.52,3.7,IDI,152,4,L,3252,56.7,68.4,186.7,107.9,FRONT,RWD,SEDAN,4.0,TURBO,DIESEL,PEUGOT,161.0,0,30.5,0.02921279212792128
16695.0,24,19,5000.0,95.0,8.4,2.19,3.46,MPFI,120,4,L,3285,56.7,68.4,198.9,114.2,FRONT,RWD,WAGON,4.0,STD,GAS,PEUGOT,122.0,0,21.5,0.0289193302891933
17075.0,25,25,4150.0,95.0,21.0,3.52,3.7,IDI,152,4,L,3485,58.7,68.4,198.9,114.2,FRONT,RWD,WAGON,4.0,TURBO,DIESEL,PEUGOT,122.0,0,25.0,0.027259684361549498
16630.0,24,19,5000.0,97.0,8.4,3.19,3.46,MPFI,120,4,L,3075,56.7,68.4,186.7,107.9,FRONT,RWD,SEDAN,4.0,STD,GAS,PEUGOT,161.0,0,21.5,0.031544715447154474
17950.0,33,28,4150.0,95.0,21.0,3.52,3.7,IDI,152,4,L,3252,56.7,68.4,186.7,107.9,FRONT,RWD,SEDAN,4.0,TURBO,DIESEL,PEUGOT,161.0,0,30.5,0.02921279212792128
18150.0,24,18,5600.0,142.0,7.0,3.21,3.61,MPFI,134,4,L,3130,56.0,68.3,186.7,108.0,FRONT,RWD,SEDAN,4.0,TURBO,GAS,PEUGOT,161.0,0,21.0,0.04536741214057508
5572.0,41,37,5500.0,68.0,9.4,3.23,2.97,2BBL,90,4,OHC,1918,50.8,63.8,157.3,93.7,FRONT,FWD,HATCHBACK,2.0,STD,GAS,PLYMOUTH,119.0,1,39.0,0.035453597497393116
7957.0,30,24,5500.0,102.0,7.6,3.39,3.03,SPDI,98,4,OHC,2128,50.8,63.8,157.3,93.7,FRONT,FWD,HATCHBACK,2.0,TURBO,GAS,PLYMOUTH,119.0,1,27.0,0.047932330827067667
6229.0,38,31,5500.0,68.0,9.4,3.23,2.97,2BBL,90,4,OHC,1967,50.6,63.8,157.3,93.7,FRONT,FWD,HATCHBACK,4.0,STD,GAS,PLYMOUTH,154.0,1,34.5,0.03457041179461108
6692.0,38,31,5500.0,68.0,9.4,3.23,2.97,2BBL,90,4,OHC,1989,50.8,63.8,167.3,93.7,FRONT,FWD,SEDAN,4.0,STD,GAS,PLYMOUTH,154.0,1,34.5,0.03418803418803419
7609.0,38,31,5500.0,68.0,9.4,3.23,2.97,2BBL,98,4,OHC,2191,50.8,63.8,167.3,93.7,FRONT,FWD,SEDAN,4.0,STD,GAS,PLYMOUTH,154.0,1,34.5,0.031036056595162027
8921.0,30,24,5000.0,88.0,8.5,3.46,3.35,2BBL,122,4,OHC,2535,59.8,64.6,174.6,103.3,FRONT,FWD,WAGON,4.0,STD,GAS,PLYMOUTH,74.0,-1,27.0,0.03471400394477318
12764.0,24,19,5000.0,145.0,7.0,3.86,3.59,SPDI,156,4,OHC,2818,50.2,66.3,173.2,95.9,FRONT,RWD,HATCHBACK,2.0,TURBO,GAS,PLYMOUTH,122.0,3,21.5,0.05145493257629524
22018.0,27,19,5500.0,143.0,9.5,3.11,3.94,MPFI,151,4,OHC,2778,50.2,68.3,168.9,94.5,FRONT,RWD,HATCHBACK,2.0,STD,GAS,PORSCHE,186.0,3,23.0,0.05147588192944565
32528.0,25,17,5900.0,207.0,9.5,2.9,3.74,MPFI,194,6,OHCF,2756,51.6,65.0,168.9,89.5,REAR,RWD,HARDTOP,2.0,STD,GAS,PORSCHE,122.0,3,21.0,0.07510885341074021
34028.0,25,17,5900.0,207.0,9.5,2.9,3.74,MPFI,194,6,OHCF,2756,51.6,65.0,168.9,89.5,REAR,RWD,HARDTOP,2.0,STD,GAS,PORSCHE,122.0,3,21.0,0.07510885341074021
37028.0,25,17,5900.0,207.0,9.5,2.9,3.74,MPFI,194,6,OHCF,2800,51.6,65.0,168.9,89.5,REAR,RWD,CONVERTIBLE,2.0,STD,GAS,PORSCHE,122.0,3,21.0,0.07392857142857143
9295.0,31,23,5117.587939698493,103.39698492462313,8.7,3.9,3.46,MPFI,132,4,OHC,2579,55.2,66.5,181.5,96.1,FRONT,FWD,WAGON,4.0,STD,GAS,RENAULT,122.0,0,27.0,0.04009189023831839
9895.0,31,23,5117.587939698493,103.39698492462313,8.7,3.9,3.46,MPFI,132,4,OHC,2460,50.5,66.6,176.8,96.1,FRONT,FWD,HATCHBACK,2.0,STD,GAS,RENAULT,122.0,2,27.0,0.042031294684806146
11850.0,28,21,5250.0,110.0,9.31,3.07,3.54,MPFI,121,4,OHC,2658,56.1,66.5,186.6,99.1,FRONT,FWD,HATCHBACK,2.0,STD,GAS,SAAB,150.0,3,24.5,0.04138449962377728
12170.0,28,21,5250.0,110.0,9.3,3.07,3.54,MPFI,121,4,OHC,2695,56.1,66.5,186.6,99.1,FRONT,FWD,SEDAN,4.0,STD,GAS,SAAB,104.0,2,24.5,0.04081632653061224
15040.0,28,21,5250.0,110.0,9.3,2.07,2.54,MPFI,121,4,OHC,2707,56.1,66.5,186.6,99.1,FRONT,FWD,HATCHBACK,2.0,STD,GAS,SAAB,150.0,3,24.5,0.04063538973032878
15510.0,28,21,5250.0,110.0,9.3,3.07,3.54,MPFI,121,4,OHC,2758,56.1,66.5,186.6,99.1,FRONT,FWD,SEDAN,4.0,STD,GAS,SAAB,104.0,2,24.5,0.03988397389412618
18150.0,26,19,5500.0,160.0,9.0,3.07,3.54,MPFI,121,4,DOHC,2808,56.1,66.5,186.6,99.1,FRONT,FWD,HATCHBACK,2.0,TURBO,GAS,SAAB,150.0,3,22.5,0.05698005698005698
18620.0,26,19,5500.0,160.0,9.0,3.07,3.54,MPFI,121,4,DOHC,2847,56.1,66.5,186.6,99.1,FRONT,FWD,SEDAN,4.0,TURBO,GAS,SAAB,104.0,2,22.5,0.056199508254302775
5118.0,36,31,4900.0,69.0,9.0,2.36,3.62,2BBL,97,4,OHCF,2050,53.7,63.4,156.9,93.7,FRONT,FWD,HATCHBACK,2.0,STD,GAS,SUBARU,83.0,2,33.5,0.033658536585365856
7053.0,31,26,4400.0,73.0,8.7,2.64,3.62,2BBL,108,4,OHCF,2120,53.7,63.6,157.9,93.7,FRONT,FWD,HATCHBACK,2.0,STD,GAS,SUBARU,83.0,2,28.5,0.03443396226415094
7603.0,31,26,4400.0,73.0,8.7,2.64,3.62,2BBL,108,4,OHCF,2240,55.7,63.8,157.3,93.3,FRONT,4WD,HATCHBACK,2.0,STD,GAS,SUBARU,83.0,2,28.5,0.032589285714285716
7126.0,37,32,4800.0,82.0,9.5,2.64,3.62,2BBL,108,4,OHCF,2145,52.5,65.4,172.0,97.2,FRONT,FWD,SEDAN,4.0,STD,GAS,SUBARU,102.0,0,34.5,0.03822843822843823
7775.0,33,28,4400.0,82.0,9.5,2.64,3.62,2BBL,108,4,OHCF,2190,52.5,65.4,172.0,97.2,FRONT,FWD,SEDAN,4.0,STD,GAS,SUBARU,102.0,0,30.5,0.03744292237442922
9960.0,32,26,5200.0,94.0,9.0,2.64,3.62,MPFI,108,4,OHCF,2340,52.5,65.4,172.0,97.2,FRONT,FWD,SEDAN,4.0,STD,GAS,SUBARU,102.0,0,29.0,0.040170940170940174
9233.0,25,24,4800.0,82.0,9.0,2.64,3.62,2BBL,108,4,OHCF,2385,54.3,65.4,172.0,97.0,FRONT,4WD,SEDAN,4.0,STD,GAS,SUBARU,102.0,0,24.5,0.034381551362683435
11259.0,29,24,4800.0,111.0,7.7,2.64,3.62,MPFI,108,4,OHCF,2510,54.3,65.4,172.0,97.0,FRONT,4WD,SEDAN,4.0,TURBO,GAS,SUBARU,102.0,0,26.5,0.044223107569721115
7463.0,32,28,4800.0,82.0,9.0,2.64,3.62,2BBL,108,4,OHCF,2290,53.0,65.4,173.5,97.0,FRONT,FWD,WAGON,4.0,STD,GAS,SUBARU,89.0,0,30.0,0.03580786026200873
10198.0,31,25,5200.0,94.0,9.0,2.64,3.62,MPFI,108,4,OHCF,2455,53.0,65.4,173.5,97.0,FRONT,FWD,WAGON,4.0,STD,GAS,SUBARU,89.0,0,28.0,0.038289205702647655
8013.0,29,23,4800.0,82.0,9.0,2.64,3.62,2BBL,108,4,OHCF,2420,54.9,65.4,173.6,96.9,FRONT,4WD,WAGON,4.0,STD,GAS,SUBARU,85.0,0,26.0,0.033884297520661154
11694.0,23,23,4800.0,111.0,7.7,2.64,3.62,MPFI,108,4,OHCF,2650,54.9,65.4,173.6,96.9,FRONT,4WD,WAGON,4.0,TURBO,GAS,SUBARU,85.0,0,23.0,0.04188679245283019
5348.0,39,35,4800.0,62.0,9.0,3.03,3.05,2BBL,92,4,OHC,1985,54.5,63.6,158.7,95.7,FRONT,FWD,HATCHBACK,2.0,STD,GAS,TOYOTA,87.0,1,37.0,0.031234256926952142
6338.0,38,31,4800.0,62.0,9.0,3.03,3.05,2BBL,92,4,OHC,2040,54.5,63.6,158.7,95.7,FRONT,FWD,HATCHBACK,2.0,STD,GAS,TOYOTA,87.0,1,34.5,0.030392156862745098
6488.0,38,31,4800.0,62.0,9.0,3.03,3.05,2BBL,92,4,OHC,2015,54.5,63.6,158.7,95.7,FRONT,FWD,HATCHBACK,4.0,STD,GAS,TOYOTA,74.0,1,34.5,0.03076923076923077
6918.0,37,31,4800.0,62.0,9.0,3.03,3.05,2BBL,92,4,OHC,2280,59.1,63.6,169.7,95.7,FRONT,FWD,WAGON,4.0,STD,GAS,TOYOTA,77.0,0,34.0,0.027192982456140352
7898.0,32,27,4800.0,62.0,9.0,3.03,3.05,2BBL,92,4,OHC,2290,59.1,63.6,169.7,95.7,FRONT,4WD,WAGON,4.0,STD,GAS,TOYOTA,81.0,0,29.5,0.027074235807860263
8778.0,32,27,4800.0,62.0,9.0,3.03,3.05,2BBL,92,4,OHC,3110,59.1,63.6,169.7,95.7,FRONT,4WD,WAGON,4.0,STD,GAS,TOYOTA,91.0,0,29.5,0.019935691318327974
6938.0,37,30,4800.0,70.0,9.0,3.03,3.19,2BBL,98,4,OHC,2081,53.0,64.4,166.3,95.7,FRONT,FWD,SEDAN,4.0,STD,GAS,TOYOTA,91.0,0,33.5,0.03363767419509851
7198.0,37,30,4800.0,70.0,9.0,3.03,3.19,2BBL,98,4,OHC,2109,52.8,64.4,166.3,95.7,FRONT,FWD,HATCHBACK,4.0,STD,GAS,TOYOTA,91.0,0,33.5,0.03319108582266477
7898.0,36,34,4500.0,56.0,22.5,3.35,3.27,IDI,110,4,OHC,2275,53.0,64.4,166.3,95.7,FRONT,FWD,SEDAN,4.0,STD,DIESEL,TOYOTA,91.0,0,35.0,0.024615384615384615
7788.0,47,38,4500.0,56.0,22.5,3.35,3.27,IDI,110,4,OHC,2275,52.8,64.4,166.3,95.7,FRONT,FWD,HATCHBACK,4.0,STD,DIESEL,TOYOTA,91.0,0,42.5,0.024615384615384615
7738.0,47,38,4800.0,70.0,9.0,3.03,3.19,2BBL,98,4,OHC,2094,53.0,64.4,166.3,95.7,FRONT,FWD,SEDAN,4.0,STD,GAS,TOYOTA,91.0,0,42.5,0.033428844317096466
8358.0,34,28,4800.0,70.0,9.0,3.03,3.19,2BBL,98,4,OHC,2122,52.8,64.4,166.3,95.7,FRONT,FWD,HATCHBACK,4.0,STD,GAS,TOYOTA,91.0,0,31.0,0.03298774740810556
9258.0,34,28,4800.0,70.0,9.0,3.03,3.19,2BBL,98,4,OHC,2140,52.8,64.4,166.3,95.7,FRONT,FWD,SEDAN,4.0,STD,GAS,TOYOTA,91.0,0,31.0,0.03271028037383177
8058.0,34,29,4800.0,70.0,9.0,3.03,3.19,2BBL,98,4,OHC,2169,52.6,64.0,168.7,94.5,FRONT,RWD,SEDAN,2.0,STD,GAS,TOYOTA,168.0,1,31.5,0.03227293683725219
8238.0,34,29,4800.0,70.0,9.0,3.03,3.19,2BBL,98,4,OHC,2204,52.6,64.0,168.7,94.5,FRONT,RWD,HATCHBACK,2.0,STD,GAS,TOYOTA,168.0,1,31.5,0.03176043557168784
9298.0,29,26,6600.0,112.0,9.4,3.08,3.24,MPFI,98,4,DOHC,2265,52.6,64.0,168.7,94.5,FRONT,RWD,SEDAN,2.0,STD,GAS,TOYOTA,168.0,1,27.5,0.04944812362030905
9538.0,29,26,6600.0,112.0,9.4,3.08,3.24,MPFI,98,4,DOHC,2300,52.6,64.0,168.7,94.5,FRONT,RWD,HATCHBACK,2.0,STD,GAS,TOYOTA,168.0,1,27.5,0.04869565217391304
8449.0,30,24,4800.0,116.0,9.3,3.5,3.62,MPFI,146,4,OHC,2540,52.0,65.6,176.2,98.4,FRONT,RWD,HARDTOP,2.0,STD,GAS,TOYOTA,134.0,2,27.0,0.04566929133858268
9639.0,30,24,4800.0,116.0,9.3,3.5,3.62,MPFI,146,4,OHC,2536,52.0,65.6,176.2,98.4,FRONT,RWD,HARDTOP,2.0,STD,GAS,TOYOTA,134.0,2,27.0,0.04574132492113565
9989.0,30,24,4800.0,116.0,9.3,3.5,3.62,MPFI,146,4,OHC,2551,52.0,65.6,176.2,98.4,FRONT,RWD,HATCHBACK,2.0,STD,GAS,TOYOTA,134.0,2,27.0,0.04547236377891023
11199.0,30,24,4800.0,116.0,9.3,3.5,3.62,MPFI,146,4,OHC,2679,52.0,65.6,176.2,98.4,FRONT,RWD,HARDTOP,2.0,STD,GAS,TOYOTA,134.0,2,27.0,0.04329973870847331
11549.0,30,24,4800.0,116.0,9.3,3.5,3.62,MPFI,146,4,OHC,2714,52.0,65.6,176.2,98.4,FRONT,RWD,HATCHBACK,2.0,STD,GAS,TOYOTA,134.0,2,27.0,0.04274134119380987
17669.0,30,24,4800.0,116.0,9.3,3.5,3.62,MPFI,146,4,OHC,2975,53.0,65.6,176.2,98.4,FRONT,RWD,CONVERTIBLE,2.0,STD,GAS,TOYOTA,134.0,2,27.0,0.038991596638655465
8948.0,34,29,4200.0,92.0,8.7,3.54,3.31,MPFI,122,4,OHC,2326,54.9,66.5,175.6,102.4,FRONT,FWD,SEDAN,4.0,STD,GAS,TOYOTA,65.0,-1,31.5,0.03955288048151333
10698.0,33,30,4500.0,73.0,22.5,3.35,3.27,IDI,110,4,OHC,2480,54.9,66.5,175.6,102.4,FRONT,FWD,SEDAN,4.0,TURBO,DIESEL,TOYOTA,65.0,-1,31.5,0.02943548387096774
9988.0,32,27,4200.0,92.0,8.7,3.54,3.31,MPFI,122,4,OHC,2414,53.9,66.5,175.6,102.4,FRONT,FWD,HATCHBACK,4.0,STD,GAS,TOYOTA,65.0,-1,29.5,0.03811101905550953
10898.0,32,27,4200.0,92.0,8.7,3.54,3.31,MPFI,122,4,OHC,2414,54.9,66.5,175.6,102.4,FRONT,FWD,SEDAN,4.0,STD,GAS,TOYOTA,65.0,-1,29.5,0.03811101905550953
11248.0,32,27,4200.0,92.0,8.7,3.54,3.31,MPFI,122,4,OHC,2458,53.9,66.5,175.6,102.4,FRONT,FWD,HATCHBACK,4.0,STD,GAS,TOYOTA,65.0,-1,29.5,0.03742880390561432
16558.0,24,20,5200.0,161.0,9.3,3.35,3.27,MPFI,171,6,DOHC,2976,52.0,67.7,183.5,102.9,FRONT,RWD,HATCHBACK,2.0,STD,GAS,TOYOTA,197.0,3,22.0,0.0540994623655914
15998.0,24,19,5200.0,161.0,9.3,3.35,3.27,MPFI,171,6,DOHC,3016,52.0,67.7,183.5,102.9,FRONT,RWD,HATCHBACK,2.0,STD,GAS,TOYOTA,197.0,3,21.5,0.05338196286472149
15690.0,24,20,5200.0,156.0,9.2,3.35,3.27,MPFI,171,6,DOHC,3131,54.1,66.5,187.8,104.5,FRONT,RWD,SEDAN,4.0,STD,GAS,TOYOTA,90.0,-1,22.0,0.049824337272436924
15750.0,24,19,5200.0,156.0,9.2,3.35,3.27,MPFI,161,6,DOHC,3151,54.1,66.5,187.8,104.5,FRONT,RWD,WAGON,4.0,STD,GAS,TOYOTA,122.0,-1,21.5,0.04950809266899397
7775.0,46,37,4800.0,52.0,23.0,3.4,3.01,IDI,97,4,OHC,2261,55.7,65.5,171.7,97.3,FRONT,FWD,SEDAN,2.0,STD,DIESEL,VOLKSWAGEN,122.0,2,41.5,0.022998673153471916
7975.0,34,27,5250.0,85.0,9.0,3.4,3.19,MPFI,109,4,OHC,2209,55.7,65.5,171.7,97.3,FRONT,FWD,SEDAN,2.0,STD,GAS,VOLKSWAGEN,122.0,2,30.5,0.03847894975101856
7995.0,46,37,4800.0,52.0,23.0,3.4,3.01,IDI,97,4,OHC,2264,55.7,65.5,171.7,97.3,FRONT,FWD,SEDAN,4.0,STD,DIESEL,VOLKSWAGEN,94.0,2,41.5,0.022968197879858657
8195.0,34,27,5250.0,85.0,9.0,3.4,3.19,MPFI,109,4,OHC,2212,55.7,65.5,171.7,97.3,FRONT,FWD,SEDAN,4.0,STD,GAS,VOLKSWAGEN,94.0,2,30.5,0.03842676311030741
8495.0,34,27,5250.0,85.0,9.0,3.4,3.19,MPFI,109,4,OHC,2275,55.7,65.5,171.7,97.3,FRONT,FWD,SEDAN,4.0,STD,GAS,VOLKSWAGEN,94.0,2,30.5,0.03736263736263736
9495.0,42,37,4500.0,68.0,23.0,3.4,3.01,IDI,97,4,OHC,2319,55.7,65.5,171.7,97.3,FRONT,FWD,SEDAN,4.0,TURBO,DIESEL,VOLKSWAGEN,94.0,2,39.5,0.029322984044846918
9995.0,32,26,5500.0,100.0,10.0,3.4,3.19,MPFI,109,4,OHC,2300,55.7,65.5,171.7,97.3,FRONT,FWD,SEDAN,4.0,STD,GAS,VOLKSWAGEN,94.0,2,29.0,0.043478260869565216
11595.0,29,24,5500.0,90.0,8.5,3.4,3.19,MPFI,109,4,OHC,2254,55.6,64.2,159.3,94.5,FRONT,FWD,CONVERTIBLE,2.0,STD,GAS,VOLKSWAGEN,122.0,3,26.5,0.03992901508429459
9980.0,29,24,5500.0,90.0,8.5,3.4,3.19,MPFI,109,4,OHC,2221,51.4,64.0,165.7,94.5,FRONT,FWD,HATCHBACK,2.0,STD,GAS,VOLKSWAGEN,256.0,3,26.5,0.040522287257991896
13295.0,24,19,5500.0,110.0,8.5,3.4,3.19,MPFI,136,5,OHC,2661,55.1,66.9,180.2,100.4,FRONT,FWD,SEDAN,4.0,STD,GAS,VOLKSWAGEN,122.0,0,21.5,0.04133784291619692
13845.0,38,33,4500.0,68.0,23.0,3.4,3.01,IDI,97,4,OHC,2579,55.1,66.9,180.2,100.4,FRONT,FWD,SEDAN,4.0,TURBO,DIESEL,VOLKSWAGEN,122.0,0,35.5,0.026366808840635907
12290.0,31,25,5500.0,88.0,9.0,3.4,3.19,MPFI,109,4,OHC,2563,55.1,66.9,183.1,100.4,FRONT,FWD,WAGON,4.0,STD,GAS,VOLKSWAGEN,122.0,0,28.0,0.034334763948497854
12940.0,28,23,5400.0,114.0,9.5,3.15,3.78,MPFI,141,4,OHC,2912,56.2,67.2,188.8,104.3,FRONT,RWD,SEDAN,4.0,STD,GAS,VOLVO,103.0,-2,25.5,0.03914835164835165
13415.0,28,23,5400.0,114.0,9.5,3.15,3.78,MPFI,141,4,OHC,3034,57.5,67.2,188.8,104.3,FRONT,RWD,WAGON,4.0,STD,GAS,VOLVO,74.0,-1,25.5,0.037574159525379035
15985.0,28,24,5400.0,114.0,9.5,3.15,3.78,MPFI,141,4,OHC,2935,56.2,67.2,188.8,104.3,FRONT,RWD,SEDAN,4.0,STD,GAS,VOLVO,103.0,-2,26.0,0.03884156729131175
16515.0,28,24,5400.0,114.0,9.5,3.15,3.78,MPFI,141,4,OHC,3042,57.5,67.2,188.8,104.3,FRONT,RWD,WAGON,4.0,STD,GAS,VOLVO,74.0,-1,26.0,0.03747534516765286
18420.0,22,17,5100.0,162.0,7.5,3.15,3.62,MPFI,130,4,OHC,3045,56.2,67.2,188.8,104.3,FRONT,RWD,SEDAN,4.0,TURBO,GAS,VOLVO,103.0,-2,19.5,0.053201970443349754
18950.0,22,17,5100.0,162.0,7.5,3.15,3.62,MPFI,130,4,OHC,3157,57.5,67.2,188.8,104.3,FRONT,RWD,WAGON,4.0,TURBO,GAS,VOLVO,74.0,-1,19.5,0.05131453911941717
16845.0,28,23,5400.0,114.0,9.5,3.15,3.78,MPFI,141,4,OHC,2952,55.5,68.9,188.8,109.1,FRONT,RWD,SEDAN,4.0,STD,GAS,VOLVO,95.0,-1,25.5,0.03861788617886179
19045.0,25,19,5300.0,160.0,8.7,3.15,3.78,MPFI,141,4,OHC,3049,55.5,68.8,188.8,109.1,FRONT,RWD,SEDAN,4.0,TURBO,GAS,VOLVO,95.0,-1,22.0,0.05247622171203673
21485.0,23,18,5500.0,134.0,8.8,2.87,3.58,MPFI,173,6,OHCV,3012,55.5,68.9,188.8,109.1,FRONT,RWD,SEDAN,4.0,STD,GAS,VOLVO,95.0,-1,20.5,0.04448871181938911
22470.0,27,26,4800.0,106.0,23.0,3.4,3.01,IDI,145,6,OHC,3217,55.5,68.9,188.8,109.1,FRONT,RWD,SEDAN,4.0,TURBO,DIESEL,VOLVO,95.0,-1,26.5,0.032949953372707494
22625.0,25,19,5400.0,114.0,9.5,3.15,3.78,MPFI,141,4,OHC,3062,55.5,68.9,188.8,109.1,FRONT,RWD,SEDAN,4.0,TURBO,GAS,VOLVO,95.0,-1,22.0,0.037230568256041804
